sku,_store,_attribute_set,_type,_category,_root_category,_product_websites,brand_logo,cake_type,color,cost,country_of_manufacture,created_at,custom_design,custom_design_from,custom_design_to,custom_layout_update,description,flowers_quantity,free_gift,gallery,gift_message_available,has_options,image,image_label,is_imported,manufacturer,media_gallery,meta_description,meta_keyword,meta_title,minimal_price,msrp,msrp_display_actual_price_type,msrp_enabled,name,news_from_date,news_to_date,note,options_container,page_layout,price,required_options,short_description,small_image,small_image_label,special_from_date,special_price,special_to_date,status,tax_class_id,teddy_size,thumbnail,thumbnail_label,updated_at,url_key,url_path,visibility,weight,qty,min_qty,use_config_min_qty,is_qty_decimal,backorders,use_config_backorders,min_sale_qty,use_config_min_sale_qty,max_sale_qty,use_config_max_sale_qty,is_in_stock,notify_stock_qty,use_config_notify_stock_qty,manage_stock,use_config_manage_stock,stock_status_changed_auto,use_config_qty_increments,qty_increments,use_config_enable_qty_inc,enable_qty_increments,is_decimal_divided,_links_related_sku,_links_related_position,_links_crosssell_sku,_links_crosssell_position,_links_upsell_sku,_links_upsell_position,_associated_sku,_associated_default_qty,_associated_position,_tier_price_website,_tier_price_customer_group,_tier_price_qty,_tier_price_price,_group_price_website,_group_price_customer_group,_group_price_price,_media_attribute_id,_media_image,_media_lable,_media_position,_media_is_disabled
teddy-001,,Teddy,simple,,Default Category,base,,,,,,2017-07-09 05:04:30,,,,,Soft and comfortable teddy for you loved ones,,No,,1,0,/c/r/cream_with_cap-500x500_1.jpg,,No,,,,,,,,Use config,Use config,Small Teddy,,,Note: “Actual product design may differ than shown in the image” ,Block after Info Column,,149,0,Exclusively available at our store,/c/r/cream_with_cap-500x500_1.jpg,,2017-07-09 00:00:00,139,,1,0,Medium,/c/r/cream_with_cap-500x500_1.jpg,,2017-07-09 04:35:09,small-teddy,small-teddy.html,4,0,0,0,1,0,0,1,1,1,0,1,0,,1,0,0,1,1,0,1,0,0,,,,,,,,,,,,,,,,,80,/c/r/cream_with_cap-500x500_1.jpg,,1,0
,,,,,Default Category,,,,,,,,,,,,,,,,,,,,,,,,,,,,,,,,,,,,,,,,,,,,,,,,,,,,,,,,,,,,,,,,,,,,,,,,,,,,,,,,,,,,,,,,,,,,,,,
combo-001,,Default,grouped,,Default Category,base,,,,,,2017-07-09 05:08:04,,,,,Combo pack including teddy plus flowers plus cakes,,,,,0,/f/l/flowers-cake-chocolate-and-teddy-combo-500x500.jpg,,No,,,,,,,,,,Combo Pack 1,,,,Block after Info Column,,,0,Cakes+Flower+Teddy,/f/l/flowers-cake-chocolate-and-teddy-combo-500x500.jpg,,,,,1,,,/f/l/flowers-cake-chocolate-and-teddy-combo-500x500.jpg,,2017-07-09 04:38:32,combo-pack-1,combo-pack-1.html,4,,0,0,1,0,0,1,1,1,0,1,1,,1,0,1,0,1,0,1,0,0,,,,,,,teddy-001,0,0,,,,,,,,80,/f/l/flowers-cake-chocolate-and-teddy-combo-500x500.jpg,,1,0
3,,Cake,simple,,Default Category,base,,Eggless,,,,2017-07-18 05:30:09,,,,,This is description,,Yes,,,0,/b/l/blackforest_c._1-kg-black-forest-cake.jpg,,Yes,,,,"the mid night gifts, cake delivery online, online cake delivery, jaipur, cakes, eggless cakes, designer cakes, online gifts, buy gifts online",,,,Use config,Use config,Chocolate Cake,,,Note: “Actual product design may differ than shown in the image” ,Block after Info Column,,300,0,this is short description,/b/l/blackforest_c._1-kg-black-forest-cake.jpg,,2017-07-18 00:00:00,289,,1,0,,/b/l/blackforest_c._1-kg-black-forest-cake.jpg,,2017-07-19 07:08:11,chocolate-cake,chocolate-cake.html,4,1,10,0,1,0,0,1,1,1,0,1,1,,1,0,1,0,1,0,1,0,0,,,,,,,,,,,,,,,,,80,/b/l/blackforest_c._1-kg-black-forest-cake.jpg,,1,0
,,,,,Default Category,,,,,,,,,,,,,,,,,,,,,,,,,,,,,,,,,,,,,,,,,,,,,,,,,,,,,,,,,,,,,,,,,,,,,,,,,,,,,,,,,,,,,,,,,,,,,,,
,,,,,Default Category,,,,,,,,,,,,,,,,,,,,,,,,,,,,,,,,,,,,,,,,,,,,,,,,,,,,,,,,,,,,,,,,,,,,,,,,,,,,,,,,,,,,,,,,,,,,,,,
,,,,,Default Category,,,,,,,,,,,,,,,,,,,,,,,,,,,,,,,,,,,,,,,,,,,,,,,,,,,,,,,,,,,,,,,,,,,,,,,,,,,,,,,,,,,,,,,,,,,,,,,
4,,Cake,simple,,Default Category,base,,Eggless,Brown,,,2017-07-18 10:58:17,,,,,This Black forest cake from The mid night gifts has layers of rich chocolate cake; with whipped cream and delicious cherries. This yummy delightful cake is the best gift for the person who is fond of chocolate. This cake will add an extra charm on any special celebration be it birthday; wedding; anniversary or many more. Celebrate happy occasions of your life with this stunning and graceful cake which is not only good in look but also it tastes great.,,Yes,,,0,/p/r/premium-black-forest_1.jpg,,Yes,,,This Black forest cake from the mid night gifts has layers of rich chocolate cake; with whipped cream and delicious cherries. This yummy delightful cake is the best gift for the person who is fond of chocolate.,"the mid night gifts, cake delivery online, online cake delivery, jaipur, cakes, eggless cakes, designer cakes, online gifts, buy gifts online",Black Forest Cake,,,Use config,Use config,Black Forest Cake,,,Note: “Actual product design may differ than shown in the image” ,Block after Info Column,,450,0,500gm Yummy Black Forest Cake...,/p/r/premium-black-forest_1.jpg,,2017-07-18 00:00:00,399,,1,0,,/p/r/premium-black-forest_1.jpg,,2017-07-19 07:02:37,black-forest-cake,black-forest-cake.html,4,500,12,0,1,0,0,1,1,1,0,1,1,,1,0,1,0,1,0,1,0,0,,,,,,,,,,,,,,,,,80,/p/r/premium-black-forest_1.jpg,,1,0
,,,,,Default Category,,,,,,,,,,,,,,,,,,,,,,,,,,,,,,,,,,,,,,,,,,,,,,,,,,,,,,,,,,,,,,,,,,,,,,,,,,,,,,,,,,,,,,,,,,,,,,,
,,,,,Default Category,,,,,,,,,,,,,,,,,,,,,,,,,,,,,,,,,,,,,,,,,,,,,,,,,,,,,,,,,,,,,,,,,,,,,,,,,,,,,,,,,,,,,,,,,,,,,,,
,,,,,Default Category,,,,,,,,,,,,,,,,,,,,,,,,,,,,,,,,,,,,,,,,,,,,,,,,,,,,,,,,,,,,,,,,,,,,,,,,,,,,,,,,,,,,,,,,,,,,,,,
,,,,,Default Category,,,,,,,,,,,,,,,,,,,,,,,,,,,,,,,,,,,,,,,,,,,,,,,,,,,,,,,,,,,,,,,,,,,,,,,,,,,,,,,,,,,,,,,,,,,,,,,
5,,Cake,simple,,Default Category,base,,Eggless,Brown,,,2017-07-18 10:39:29,,,,,This Black forest cake from the mid night gifts has layers of rich chocolate cake; with whipped cream and delicious cherries. This yummy delightful cake is the best gift for the person who is fond of chocolate. This cake will add an extra charm on any special celebration be it birthday; wedding; anniversary or many more. Celebrate happy occasions of your life with this stunning and graceful cake which is not only good in look but also it tastes great.,,Yes,,,0,/b/l/black_forest_cake_with_chocolate_trees.jpg,,Yes,,,This Black forest cake from the mid night gifts has layers of rich chocolate cake; with whipped cream and delicious cherries. This yummy delightful cake is the best gift for the person who is fond of chocolate.,"the mid night gifts, cake delivery online, online cake delivery, jaipur, cakes, eggless cakes, designer cakes, online gifts, buy gifts online",Black Forest cake,,,Use config,Use config,Black Forest cake with chocolate trees,,,Note: “Actual product design may differ than shown in the image” ,Block after Info Column,,500,0,500gm Yummy Black Forest Cake with chocolates trees,/b/l/black_forest_cake_with_chocolate_trees.jpg,,2017-07-18 00:00:00,449,,1,0,,/b/l/black_forest_cake_with_chocolate_trees.jpg,,2017-07-19 07:00:15,black-forest-cake,black-forest-cake-88.html,4,500,12,0,1,0,0,1,1,1,0,1,1,,1,0,1,0,1,0,1,0,0,,,,,,,,,,,,,,,,,80,/p/r/premium-black-forest_1_1.jpg,,1,0
,,,,,Default Category,,,,,,,,,,,,,,,,,,,,,,,,,,,,,,,,,,,,,,,,,,,,,,,,,,,,,,,,,,,,,,,,,,,,,,,,,,,,,,,,,,,,,,,,,,,80,/b/l/black_forest_cake_with_chocolate_trees.jpg,,2,0
,,,,,Default Category,,,,,,,,,,,,,,,,,,,,,,,,,,,,,,,,,,,,,,,,,,,,,,,,,,,,,,,,,,,,,,,,,,,,,,,,,,,,,,,,,,,,,,,,,,,,,,,
,,,,,Default Category,,,,,,,,,,,,,,,,,,,,,,,,,,,,,,,,,,,,,,,,,,,,,,,,,,,,,,,,,,,,,,,,,,,,,,,,,,,,,,,,,,,,,,,,,,,,,,,
,,,,,Default Category,,,,,,,,,,,,,,,,,,,,,,,,,,,,,,,,,,,,,,,,,,,,,,,,,,,,,,,,,,,,,,,,,,,,,,,,,,,,,,,,,,,,,,,,,,,,,,,
7,,Cake,simple,,Default Category,base,,Egg,Yellow,,,2017-07-18 12:16:37,,,,,"Covered in shards of dark chocolate, the Premium Black forest is a chocolate lover’s haven. Layered alternately with a moist cocoa sponge and fresh whipped cream, this cake is a guest at special celebrations. The contemporary yet classic cake dwells in a curtain of dark chocolate slivers thus setting it apart from the rest. Coated with Belgium chocolate, morello cherries and cooked with world’s best cocoa this is a luxurious upgrade from the regular black forest cake. If you are a chocolate connoisseur or aiming to be one, this cake is your best bet.  price including all govt taxes (central excise, vat & service tax) excluding delivery charge.",,Yes,,,0,/s/m/smiley_black_forest_cake.jpg,,Yes,,,,"the mid night gifts, cake delivery online, online cake delivery, jaipur, cakes, eggless cakes, designer cakes, online gifts, buy gifts online",,,,Use config,Use config,SMILEY Black Forest Cake,,,Note: “Actual product design may differ than shown in the image” ,Block after Info Column,,399,0,500gm SMILEY- Black Forest Cake for Children,/s/m/smiley_black_forest_cake.jpg,,2017-07-18 00:00:00,349,,1,0,,/s/m/smiley_black_forest_cake.jpg,,2017-07-19 07:07:51,black-forest-cake,black-forest-cake-89.html,4,500,12,0,1,0,0,1,1,1,0,1,1,,1,0,1,0,1,0,1,0,0,,,,,,,,,,,,,,,,,80,/p/r/premium-black-forest_1_2.jpg,,1,0
,,,,,Default Category,,,,,,,,,,,,,,,,,,,,,,,,,,,,,,,,,,,,,,,,,,,,,,,,,,,,,,,,,,,,,,,,,,,,,,,,,,,,,,,,,,,,,,,,,,,80,/y/u/yummy-cake-blackforest1.png,,2,0
,,,,,Default Category,,,,,,,,,,,,,,,,,,,,,,,,,,,,,,,,,,,,,,,,,,,,,,,,,,,,,,,,,,,,,,,,,,,,,,,,,,,,,,,,,,,,,,,,,,,80,/s/m/smiley_black_forest_cake.jpg,,3,0
,,,,,Default Category,,,,,,,,,,,,,,,,,,,,,,,,,,,,,,,,,,,,,,,,,,,,,,,,,,,,,,,,,,,,,,,,,,,,,,,,,,,,,,,,,,,,,,,,,,,,,,,
,,,,,Default Category,,,,,,,,,,,,,,,,,,,,,,,,,,,,,,,,,,,,,,,,,,,,,,,,,,,,,,,,,,,,,,,,,,,,,,,,,,,,,,,,,,,,,,,,,,,,,,,
10,,Cake,simple,,Default Category,base,,Egg,,,,2017-07-18 12:09:07,,,,,"The three terms that perfectly describe out Mousse cake are: perfect, creamy, and elegant! Our blueberry mousse cake flawlessly combines the acidic sweetness of blueberries with the creaminess of our rich mousse cake that sits on a buttery biscuit layer and is garnished with fresh cream. Light and fluffy, this delight will leave you asking for more.",,Yes,,,0,/b/l/blueberry-mousse.jpg,,Yes,,,,"the mid night gifts, cake delivery online, online cake delivery, jaipur, cakes, eggless cakes, designer cakes, online gifts, buy gifts online",,,,Use config,Use config,Blueberry Mousse Cake,,,Note: “Actual product design may differ than shown in the image” ,Block after Info Column,,400,0,500gm Blueberry Mousse Cake,/b/l/blueberry-mousse.jpg,,2017-07-18 00:00:00,379,,1,0,,/b/l/blueberry-mousse.jpg,,2017-07-19 07:07:35,blueberry-cheese-cake,blueberry-cheese-cake.html,4,500,12,0,1,0,0,1,1,1,0,1,1,,1,0,1,0,1,0,1,0,0,,,,,,,,,,,,,,,,,80,/b/l/blueberry-cheese-cake.jpg,,1,0
,,,,,Default Category,,,,,,,,,,,,,,,,,,,,,,,,,,,,,,,,,,,,,,,,,,,,,,,,,,,,,,,,,,,,,,,,,,,,,,,,,,,,,,,,,,,,,,,,,,,80,/b/l/blueberry-mousse.jpg,,2,0
,,,,,Default Category,,,,,,,,,,,,,,,,,,,,,,,,,,,,,,,,,,,,,,,,,,,,,,,,,,,,,,,,,,,,,,,,,,,,,,,,,,,,,,,,,,,,,,,,,,,,,,,
,,,,,Default Category,,,,,,,,,,,,,,,,,,,,,,,,,,,,,,,,,,,,,,,,,,,,,,,,,,,,,,,,,,,,,,,,,,,,,,,,,,,,,,,,,,,,,,,,,,,,,,,
9,,Cake,simple,,Default Category,base,,Egg,Rose,,,2017-07-18 08:50:57,,,,,Teddybear Shaped Vanila Cake for kids..,,Yes,,,0,/t/e/teddybear_vanila_cake.jpg,,Yes,,,,"the mid night gifts, cake delivery online, online cake delivery, jaipur, cakes, eggless cakes, designer cakes, online gifts, buy gifts online",,,,Use config,Use config,Teddybear Vanila Cake,,,Note: “Actual product design may differ than shown in the image” ,Block after Info Column,,1200,0,2 kg Teddybear Shaped Vanila Cake for kids..,/t/e/teddybear_vanila_cake.jpg,,2017-07-18 00:00:00,1049,,1,0,,/t/e/teddybear_vanila_cake.jpg,,2017-07-19 07:07:00,teddybear-vanila-cake,teddybear-vanila-cake.html,4,2,12,0,1,0,0,1,1,1,0,1,1,,1,0,1,0,1,0,1,0,0,,,,,,,,,,,,,,,,,80,/t/e/teddybear_vanila_cake.jpg,,1,0
,,,,,Default Category,,,,,,,,,,,,,,,,,,,,,,,,,,,,,,,,,,,,,,,,,,,,,,,,,,,,,,,,,,,,,,,,,,,,,,,,,,,,,,,,,,,,,,,,,,,,,,,
,,,,,Default Category,,,,,,,,,,,,,,,,,,,,,,,,,,,,,,,,,,,,,,,,,,,,,,,,,,,,,,,,,,,,,,,,,,,,,,,,,,,,,,,,,,,,,,,,,,,,,,,
,,,,,Default Category,,,,,,,,,,,,,,,,,,,,,,,,,,,,,,,,,,,,,,,,,,,,,,,,,,,,,,,,,,,,,,,,,,,,,,,,,,,,,,,,,,,,,,,,,,,,,,,
,,,,,Default Category,,,,,,,,,,,,,,,,,,,,,,,,,,,,,,,,,,,,,,,,,,,,,,,,,,,,,,,,,,,,,,,,,,,,,,,,,,,,,,,,,,,,,,,,,,,,,,,
8,,Cake,simple,,Default Category,base,,Egg,,,,2017-07-18 10:36:36,,,,,"The three terms that perfectly describe out cheesecake are: perfect, creamy, and elegant! Our blueberry cheesecake flawlessly combines the acidic sweetness of blueberries with the creaminess of our rich cheesecake that sits on a buttery biscuit layer and is garnished with fresh cream. Light and fluffy, this delight will leave you asking for more",,Yes,,,0,/b/l/blueberry-cheese-cake_2.jpg,,Yes,,,,"the mid night gifts, cake delivery online, online cake delivery, jaipur, cakes, eggless cakes, designer cakes, online gifts, buy gifts online",,,,Use config,Use config,Blueberry cheese cake,,,Note: “Actual product design may differ than shown in the image” ,Block after Info Column,,400,0,1 Pounds Blueberry Cheese Cake,/b/l/blueberry-cheese-cake_2.jpg,,2017-07-18 00:00:00,379,,1,0,,/b/l/blueberry-cheese-cake_2.jpg,,2017-07-19 07:06:48,blueberry-cheese-cake,blueberry-cheese-cake-67.html,4,500,12,0,1,0,0,1,1,1,0,1,1,,1,0,1,0,1,0,1,0,0,,,,,,,,,,,,,,,,,80,/b/l/blueberry-cheese-cake_1.jpg,,1,0
,,,,,Default Category,,,,,,,,,,,,,,,,,,,,,,,,,,,,,,,,,,,,,,,,,,,,,,,,,,,,,,,,,,,,,,,,,,,,,,,,,,,,,,,,,,,,,,,,,,,80,/b/l/blueberry-mousse_1.jpg,,2,0
,,,,,Default Category,,,,,,,,,,,,,,,,,,,,,,,,,,,,,,,,,,,,,,,,,,,,,,,,,,,,,,,,,,,,,,,,,,,,,,,,,,,,,,,,,,,,,,,,,,,80,/b/l/blueberry-cheese-cake_2.jpg,,3,0
,,,,,Default Category,,,,,,,,,,,,,,,,,,,,,,,,,,,,,,,,,,,,,,,,,,,,,,,,,,,,,,,,,,,,,,,,,,,,,,,,,,,,,,,,,,,,,,,,,,,,,,,
11,,Cake,simple,,Default Category,base,,Eggless,Brown,,,2017-07-18 10:44:26,,,,,"A hunting themed grooms cake complete with deer antler, shotgun shells and arrow on buttercream..",,No,,,0,/1/9/1981380ca62cecc824ea7595e0df446f--hunting-cakes-deer-hunting-cake.jpg,,Yes,,,"A hunting themed grooms cake complete with deer antler, shotgun shells and arrow on buttercream..","the mid night gifts, cake delivery online, online cake delivery, jaipur, cakes, eggless cakes, designer cakes, online gifts, buy gifts online",Chocolate Cake,,,Use config,Use config,Chocolate Hunting Themed Cake,,,Note: “Actual product design may differ than shown in the image” ,Block after Info Column,,300,0,1 Pounds Chocolate Hunting Themed Cake,/1/9/1981380ca62cecc824ea7595e0df446f--hunting-cakes-deer-hunting-cake.jpg,,2017-07-18 00:00:00,279,,1,0,,/1/9/1981380ca62cecc824ea7595e0df446f--hunting-cakes-deer-hunting-cake.jpg,,2017-07-19 07:04:14,chocolate-hunting-themed-cake,chocolate-hunting-themed-cake.html,4,1,12,0,1,0,0,1,1,1,0,1,1,,1,0,1,0,1,0,1,0,0,,,,,,,,,,,,,,,,,80,/1/9/1981380ca62cecc824ea7595e0df446f--hunting-cakes-deer-hunting-cake.jpg,,1,0
,,,,,Default Category,,,,,,,,,,,,,,,,,,,,,,,,,,,,,,,,,,,,,,,,,,,,,,,,,,,,,,,,,,,,,,,,,,,,,,,,,,,,,,,,,,,,,,,,,,,,,,,
,,,,,Default Category,,,,,,,,,,,,,,,,,,,,,,,,,,,,,,,,,,,,,,,,,,,,,,,,,,,,,,,,,,,,,,,,,,,,,,,,,,,,,,,,,,,,,,,,,,,,,,,
,,,,,Default Category,,,,,,,,,,,,,,,,,,,,,,,,,,,,,,,,,,,,,,,,,,,,,,,,,,,,,,,,,,,,,,,,,,,,,,,,,,,,,,,,,,,,,,,,,,,,,,,
,,,,,Default Category,,,,,,,,,,,,,,,,,,,,,,,,,,,,,,,,,,,,,,,,,,,,,,,,,,,,,,,,,,,,,,,,,,,,,,,,,,,,,,,,,,,,,,,,,,,,,,,
12,,Cake,simple,,Default Category,base,,Egg,,,,2017-07-18 09:22:55,,,,,A grand occasion and confused with the gift? So here we have a gorgeous vanilla cake with lovely floral topping just for your loved one. Don’t miss the chance to give away this extremely unique gift.,,Yes,,,0,/2/3/2312150410276394.jpg,,Yes,,,,"the mid night gifts, cake delivery online, online cake delivery, jaipur, cakes, eggless cakes, designer cakes, online gifts, buy gifts online",,,,Use config,Use config,Designer Vanila Cake ,,,Note: “Actual product design may differ than shown in the image” ,Block after Info Column,,349,0,1 Pounds Designer Vanilla Cake for your loved one!!,/2/3/2312150410276394.jpg,,2017-07-18 00:00:00,299,,1,0,,/2/3/2312150410276394.jpg,,2017-07-19 07:06:23,designer-vanila-cake,designer-vanila-cake.html,4,1,12,0,1,0,0,1,1,1,0,1,1,,1,0,1,0,1,0,1,0,0,,,,,,,,,,,,,,,,,80,/2/3/2312150410276394.jpg,,1,0
,,,,,Default Category,,,,,,,,,,,,,,,,,,,,,,,,,,,,,,,,,,,,,,,,,,,,,,,,,,,,,,,,,,,,,,,,,,,,,,,,,,,,,,,,,,,,,,,,,,,,,,,
,,,,,Default Category,,,,,,,,,,,,,,,,,,,,,,,,,,,,,,,,,,,,,,,,,,,,,,,,,,,,,,,,,,,,,,,,,,,,,,,,,,,,,,,,,,,,,,,,,,,,,,,
,,,,,Default Category,,,,,,,,,,,,,,,,,,,,,,,,,,,,,,,,,,,,,,,,,,,,,,,,,,,,,,,,,,,,,,,,,,,,,,,,,,,,,,,,,,,,,,,,,,,,,,,
13,,Cake,simple,,Default Category,base,,Eggless,,,,2017-07-18 10:29:48,,,,,Minnie Mouse shaped cake for kids,,Yes,,,0,/m/i/minnie_mouse_cake_..2.5_kg_minnie_mouse_shaped_cake_3000_1_.jpg,,Yes,,,,"the mid night gifts, cake delivery online, online cake delivery, jaipur, cakes, eggless cakes, designer cakes, online gifts, buy gifts online",,,,Use config,Use config,Minnie Mouse Cake,,,Note: “Actual product design may differ than shown in the image” ,Block after Info Column,,1299,0,Minnie Mouse 4 Pounds shaped cake for kids.,/m/i/minnie_mouse_cake_..2.5_kg_minnie_mouse_shaped_cake_3000_1_.jpg,,2017-07-18 00:00:00,1249,,1,0,,/m/i/minnie_mouse_cake_..2.5_kg_minnie_mouse_shaped_cake_3000_1_.jpg,,2017-07-19 07:05:59,minnie-mouse-cake,minnie-mouse-cake.html,4,4,12,0,1,0,0,1,1,1,0,1,1,,1,0,1,0,1,0,1,0,0,,,,,,,,,,,,,,,,,80,/m/i/minnie_mouse_cake_..2.5_kg_minnie_mouse_shaped_cake_3000_1_.jpg,,2,0
,,,,,Default Category,,,,,,,,,,,,,,,,,,,,,,,,,,,,,,,,,,,,,,,,,,,,,,,,,,,,,,,,,,,,,,,,,,,,,,,,,,,,,,,,,,,,,,,,,,,,,,,
,,,,,Default Category,,,,,,,,,,,,,,,,,,,,,,,,,,,,,,,,,,,,,,,,,,,,,,,,,,,,,,,,,,,,,,,,,,,,,,,,,,,,,,,,,,,,,,,,,,,,,,,
,,,,,Default Category,,,,,,,,,,,,,,,,,,,,,,,,,,,,,,,,,,,,,,,,,,,,,,,,,,,,,,,,,,,,,,,,,,,,,,,,,,,,,,,,,,,,,,,,,,,,,,,
,,,,,Default Category,,,,,,,,,,,,,,,,,,,,,,,,,,,,,,,,,,,,,,,,,,,,,,,,,,,,,,,,,,,,,,,,,,,,,,,,,,,,,,,,,,,,,,,,,,,,,,,
,,,,,Default Category,,,,,,,,,,,,,,,,,,,,,,,,,,,,,,,,,,,,,,,,,,,,,,,,,,,,,,,,,,,,,,,,,,,,,,,,,,,,,,,,,,,,,,,,,,,,,,,
14,,Cake,simple,,Default Category,base,,Egg,,,,2017-07-18 11:05:21,,,,,Angry Bird Cake- for Kids Birthday celebration,,Yes,,,0,/a/n/angry-birds-cake.jpg,,Yes,,,,"the mid night gifts, cake delivery online, online cake delivery, jaipur, cakes, eggless cakes, designer cakes, online gifts, buy gifts online. kids cake",,,,Use config,Use config,Angry Bird Cake,,,Note: “Actual product design may differ than shown in the image” ,Block after Info Column,,499,0,Angry Bird Cake- 2 Pounds angry bird shaped cake,/a/n/angry-birds-cake.jpg,,2017-07-18 00:00:00,449,,1,0,,/a/n/angry-birds-cake.jpg,,2017-07-19 07:05:41,angry-bird-cake,angry-bird-cake.html,4,2,12,0,1,0,0,1,1,1,0,1,1,,1,0,1,0,1,0,1,0,0,,,,,,,,,,,,,,,,,80,/a/n/angry-birds-cake.jpg,,2,0
,,,,,Default Category,,,,,,,,,,,,,,,,,,,,,,,,,,,,,,,,,,,,,,,,,,,,,,,,,,,,,,,,,,,,,,,,,,,,,,,,,,,,,,,,,,,,,,,,,,,,,,,
,,,,,Default Category,,,,,,,,,,,,,,,,,,,,,,,,,,,,,,,,,,,,,,,,,,,,,,,,,,,,,,,,,,,,,,,,,,,,,,,,,,,,,,,,,,,,,,,,,,,,,,,
,,,,,Default Category,,,,,,,,,,,,,,,,,,,,,,,,,,,,,,,,,,,,,,,,,,,,,,,,,,,,,,,,,,,,,,,,,,,,,,,,,,,,,,,,,,,,,,,,,,,,,,,
,,,,,Default Category,,,,,,,,,,,,,,,,,,,,,,,,,,,,,,,,,,,,,,,,,,,,,,,,,,,,,,,,,,,,,,,,,,,,,,,,,,,,,,,,,,,,,,,,,,,,,,,
15,,Cake,simple,,Default Category,base,,Egg,,,,2017-07-18 09:45:19,,,,,"A decadent chocolate multi-layered cake. From the very first slice your mouth will water, you will love the moist cake and the chocolate frosting that covers every inch of the cake that’s applied when it’s still warm (yum). It is a divine desert that will melt in your mouth. If you are ready for a little piece of heaven then this traditional favorite is the answer.",,Yes,,,0,/a/h/ahr0ccuzqsuyriuyrnn3zwv0yxbvbgl0ys5jb20lmkz3cc1jb250zw50jtjgdxbsb2fkcyuyrjiwmtylmkywncuyrmdsyw1yb2nrdhjhetu4ms5qcgc_.jpg,,Yes,,,,"the mid night gifts, cake delivery online, online cake delivery, jaipur, cakes, eggless cakes, designer cakes, online gifts, buy gifts online",,,,Use config,Use config,Deep Dark Chocolate Cake,,,Note: “Actual product design may differ than shown in the image” ,Block after Info Column,,349,0,1 Pounds Deep Dark Chocolate Cake for your special occasion,/a/h/ahr0ccuzqsuyriuyrnn3zwv0yxbvbgl0ys5jb20lmkz3cc1jb250zw50jtjgdxbsb2fkcyuyrjiwmtylmkywncuyrmdsyw1yb2nrdhjhetu4ms5qcgc_.jpg,,2017-07-18 00:00:00,329,,1,0,,/a/h/ahr0ccuzqsuyriuyrnn3zwv0yxbvbgl0ys5jb20lmkz3cc1jb250zw50jtjgdxbsb2fkcyuyrjiwmtylmkywncuyrmdsyw1yb2nrdhjhetu4ms5qcgc_.jpg,,2017-07-19 07:05:17,deep-dark-chocolate-cake,deep-dark-chocolate-cake.html,4,1,11,0,1,0,0,1,1,1,0,1,1,,1,0,1,0,1,0,1,0,0,,,,,,,,,,,,,,,,,80,/a/h/ahr0ccuzqsuyriuyrnn3zwv0yxbvbgl0ys5jb20lmkz3cc1jb250zw50jtjgdxbsb2fkcyuyrjiwmtylmkywncuyrmdsyw1yb2nrdhjhetu4ms5qcgc_.jpg,,1,0
,,,,,Default Category,,,,,,,,,,,,,,,,,,,,,,,,,,,,,,,,,,,,,,,,,,,,,,,,,,,,,,,,,,,,,,,,,,,,,,,,,,,,,,,,,,,,,,,,,,,,,,,
,,,,,Default Category,,,,,,,,,,,,,,,,,,,,,,,,,,,,,,,,,,,,,,,,,,,,,,,,,,,,,,,,,,,,,,,,,,,,,,,,,,,,,,,,,,,,,,,,,,,,,,,
,,,,,Default Category,,,,,,,,,,,,,,,,,,,,,,,,,,,,,,,,,,,,,,,,,,,,,,,,,,,,,,,,,,,,,,,,,,,,,,,,,,,,,,,,,,,,,,,,,,,,,,,
16,,Cake,simple,,Default Category,base,,Eggless,,,,2017-07-18 10:20:32,,,,,"When the good and best of two worlds come together it gives birth to a sinful, heavenly combination. The divine matrimony of the creamy Italian Panacotta and rich caramel has led to the Caramel Panacotta Cake. Pancotta recipe straight from the Italian culinary archive, a crunchy caramelized biscuit from France and sea salt from the lakes of Great Britain lend the exclusive palette of tastes to this unique creation from Ovenfresh. Caramel made from scratch with French cream and golden butter adds to the richness of thecake. Layered with a dense chocolate sponge the variation of chocolaty shades is evident. The highlight of the cake is the Italian panacotta that is sandwiched between a lush chocolate creamoux the cake is heavy on both taste and texture. The eggless delight does not compromise at any level and is ideal for all food lovers. Garnished with a light hazelnut ganache, the nuttiness takes the cake to another level. Prices including all Govt taxes (central excise, Vat and service tax) Price excluding delivery charge.",,Yes,,,0,/c/a/caramel-panacotta-with-hazelnut-chocolate-mousse-cake.jpg,,Yes,,,,"the mid night gifts, cake delivery online, online cake delivery, jaipur, cakes, eggless cakes, designer cakes, online gifts, buy gifts online",,,,Use config,Use config,Caramel Panacotta with Hazelnut Chocolate Mousse Cake,,,Note: “Actual product design may differ than shown in the image” ,Block after Info Column,,399,0,1 Pounds- Caramel Panacotta with Hazelnut Chocolate Mousse Cake,/c/a/caramel-panacotta-with-hazelnut-chocolate-mousse-cake.jpg,,2017-07-18 00:00:00,329,,1,0,,/c/a/caramel-panacotta-with-hazelnut-chocolate-mousse-cake.jpg,,2017-07-19 07:05:03,caramel-panacotta-with-hazelnut-chocolate-mousse-cake,caramel-panacotta-with-hazelnut-chocolate-mousse-cake.html,4,1,11,0,1,0,0,1,1,1,0,1,1,,1,0,1,0,1,0,1,0,0,,,,,,,,,,,,,,,,,80,/c/a/caramel-panacotta-with-hazelnut-chocolate-mousse-cake.jpg,,1,0
,,,,,Default Category,,,,,,,,,,,,,,,,,,,,,,,,,,,,,,,,,,,,,,,,,,,,,,,,,,,,,,,,,,,,,,,,,,,,,,,,,,,,,,,,,,,,,,,,,,,,,,,
,,,,,Default Category,,,,,,,,,,,,,,,,,,,,,,,,,,,,,,,,,,,,,,,,,,,,,,,,,,,,,,,,,,,,,,,,,,,,,,,,,,,,,,,,,,,,,,,,,,,,,,,
,,,,,Default Category,,,,,,,,,,,,,,,,,,,,,,,,,,,,,,,,,,,,,,,,,,,,,,,,,,,,,,,,,,,,,,,,,,,,,,,,,,,,,,,,,,,,,,,,,,,,,,,
,,,,,Default Category,,,,,,,,,,,,,,,,,,,,,,,,,,,,,,,,,,,,,,,,,,,,,,,,,,,,,,,,,,,,,,,,,,,,,,,,,,,,,,,,,,,,,,,,,,,,,,,
17,,Cake,simple,,Default Category,base,,Eggless,,,,2017-07-18 10:00:41,,,,,"Chocolate and strawberry were also said to have paired by the Gods. The supreme harmonizing of gorgeous belgium chocolate and garden - fresh strawberries gives this cake its aphrodisiacal touch. In a spoonful of goodness, you taste the moist chocolate sponge soaked in syrup, strawberry custard filling and the french dairy cream almost taking your senses to food paradise. The density of dark chocolate is lovingly balanced with the light texture of whipped dairy cream. The cake is heartily coated in a deep, belgium chocolate ganache and loaded with fresh strawberries true to its name. Sweet-and-sour strawberries, dark ganache and the sweet cream creates a striking contrast of flavours and texture in the cake.",,Yes,,,0,/c/h/chocolate-strawberry.jpg,,Yes,,,,"the mid night gifts, cake delivery online, online cake delivery, jaipur, cakes, eggless cakes, designer cakes, online gifts, buy gifts online",,,,Use config,Use config,Chocolate strawberry Eggless Cake,,,Note: “Actual product design may differ than shown in the image” ,Block after Info Column,,349,0,1 Pounds Eggless- Chocolate strawberry Cake,/c/h/chocolate-strawberry.jpg,,2017-07-18 00:00:00,329,,1,0,,/c/h/chocolate-strawberry.jpg,,2017-07-19 07:04:43,chocolate-strawberry-eggless-cake,chocolate-strawberry-eggless-cake.html,4,1,12,0,1,0,0,1,1,1,0,1,1,,1,0,1,0,1,0,1,0,0,,,,,,,,,,,,,,,,,80,/c/h/chocolate-strawberry.jpg,,1,0
,,,,,Default Category,,,,,,,,,,,,,,,,,,,,,,,,,,,,,,,,,,,,,,,,,,,,,,,,,,,,,,,,,,,,,,,,,,,,,,,,,,,,,,,,,,,,,,,,,,,,,,,
,,,,,Default Category,,,,,,,,,,,,,,,,,,,,,,,,,,,,,,,,,,,,,,,,,,,,,,,,,,,,,,,,,,,,,,,,,,,,,,,,,,,,,,,,,,,,,,,,,,,,,,,
,,,,,Default Category,,,,,,,,,,,,,,,,,,,,,,,,,,,,,,,,,,,,,,,,,,,,,,,,,,,,,,,,,,,,,,,,,,,,,,,,,,,,,,,,,,,,,,,,,,,,,,,
,,,,,Default Category,,,,,,,,,,,,,,,,,,,,,,,,,,,,,,,,,,,,,,,,,,,,,,,,,,,,,,,,,,,,,,,,,,,,,,,,,,,,,,,,,,,,,,,,,,,,,,,
18,,Cake,simple,,Default Category,base,,Egg,,,,2017-07-18 11:05:01,,,,,A Chocolassic cake you will fall in love with! Combination of rich chocolate with wafers and the world famous KitKat that takes you to heaven.,,Yes,,,0,/4/7/4755.png,,Yes,,,,"the mid night gifts, cake delivery online, online cake delivery, jaipur, cakes, eggless cakes, designer cakes, online gifts, buy gifts online",,,,Use config,Use config,KitKat Classic,,,Note: “Actual product design may differ than shown in the image” ,Block after Info Column,,399,0,1 Pounds Rich chocolate with KitKat!,/4/7/4755.png,,2017-07-18 00:00:00,349,,1,0,,/4/7/4755.png,,2017-07-19 07:04:28,kitkat-classic,kitkat-classic.html,4,1,12,0,1,0,0,1,1,1,0,1,1,,1,0,1,0,1,0,1,0,0,,,,,,,,,,,,,,,,,80,/4/7/4755.png,,1,0
,,,,,Default Category,,,,,,,,,,,,,,,,,,,,,,,,,,,,,,,,,,,,,,,,,,,,,,,,,,,,,,,,,,,,,,,,,,,,,,,,,,,,,,,,,,,,,,,,,,,,,,,
,,,,,Default Category,,,,,,,,,,,,,,,,,,,,,,,,,,,,,,,,,,,,,,,,,,,,,,,,,,,,,,,,,,,,,,,,,,,,,,,,,,,,,,,,,,,,,,,,,,,,,,,
,,,,,Default Category,,,,,,,,,,,,,,,,,,,,,,,,,,,,,,,,,,,,,,,,,,,,,,,,,,,,,,,,,,,,,,,,,,,,,,,,,,,,,,,,,,,,,,,,,,,,,,,
19,,Cake,simple,,Default Category,base,,Egg,,,,2017-07-18 11:13:20,,,,,The Mid Night Gifts all time Hit Tree Cake..,,Yes,,,0,/t/r/tree_cake_rs_1000_copy_1_.png,,Yes,,,,,,,,Use config,Use config,Tree Cake,,,Note: “Actual product design may differ than shown in the image” ,Block after Info Column,,599,0,2 Pounds Tree Cake - Beautifully Crafted Cake!,/t/r/tree_cake_rs_1000_copy_1_.png,,2017-07-18 00:00:00,529,,1,0,,/t/r/tree_cake_rs_1000_copy_1_.png,,2017-07-18 07:48:06,tree-cake,tree-cake.html,4,2,12,0,1,0,0,1,1,1,0,1,1,,1,0,1,0,1,0,1,0,0,,,,,,,,,,,,,,,,,80,/t/r/tree_cake_rs_1000_copy_1_.png,,2,0
,,,,,Default Category,,,,,,,,,,,,,,,,,,,,,,,,,,,,,,,,,,,,,,,,,,,,,,,,,,,,,,,,,,,,,,,,,,,,,,,,,,,,,,,,,,,,,,,,,,,,,,,
,,,,,Default Category,,,,,,,,,,,,,,,,,,,,,,,,,,,,,,,,,,,,,,,,,,,,,,,,,,,,,,,,,,,,,,,,,,,,,,,,,,,,,,,,,,,,,,,,,,,,,,,
,,,,,Default Category,,,,,,,,,,,,,,,,,,,,,,,,,,,,,,,,,,,,,,,,,,,,,,,,,,,,,,,,,,,,,,,,,,,,,,,,,,,,,,,,,,,,,,,,,,,,,,,
20,,Default,simple,,Default Category,base,,,,,,2017-07-18 11:26:07,,,,,A sweet and elegant gift for your loved one on their special day to make it more special. Send this lovely combo of 50 red roses beautifully Life Size Arrangement with 1 Pounds heart shape cake.,,,,,0,/f/c/fct29-600x600.jpg,,Yes,,,,,,,,Use config,Use config,50 Red Roses Arrangement  With Heart Shape Cake,,,,Block after Info Column,,1300,0,50 Red Roses Arrangement With 1 Pounds Heart Shape Cake,/f/c/fct29-600x600.jpg,,2017-07-18 00:00:00,1279,,1,0,,/f/c/fct29-600x600.jpg,,2017-07-18 08:59:04,life-size-arrangement-of-50-red-roses-with-heart-shape-cake,life-size-arrangement-of-50-red-roses-with-heart-shape-cake.html,4,1,12,0,1,0,0,1,1,1,0,1,1,,1,0,1,0,1,0,1,0,0,,,,,,,,,,,,,,,,,80,/f/c/fct29-600x600.jpg,,1,0
,,,,,Default Category,,,,,,,,,,,,,,,,,,,,,,,,,,,,,,,,,,,,,,,,,,,,,,,,,,,,,,,,,,,,,,,,,,,,,,,,,,,,,,,,,,,,,,,,,,,,,,,
,,,,,Default Category,,,,,,,,,,,,,,,,,,,,,,,,,,,,,,,,,,,,,,,,,,,,,,,,,,,,,,,,,,,,,,,,,,,,,,,,,,,,,,,,,,,,,,,,,,,,,,,
21,,Default,simple,,Default Category,base,,,,,,2017-07-18 10:33:13,,,,,"Looking something more special to make your loved one’s feel more special on their special day, then gift this lovely combo of 30 red roses heart shape arrangement beautifully arranged in a cane basket along with 1 Pound heart shape cake and a sweet teddy bear. ",,,,,0,/f/c/fct32-600x600.jpg,,Yes,,,,,,,,Use config,Use config,30 Red Roses Heart Shape Arrangement With Cake And Teddy Bear,,,,Block after Info Column,,799,0,30 Red Roses Heart Shape Arrangement With 1 Pounds Cake And Teddy Bear,/f/c/fct32-600x600.jpg,,2017-07-18 00:00:00,779,,1,0,,/f/c/fct32-600x600.jpg,,2017-07-18 09:04:34,30-red-roses-heart-shape-arrangement-with-cake-and-teddy-bear,30-red-roses-heart-shape-arrangement-with-cake-and-teddy-bear.html,4,1,12,0,1,0,0,1,1,1,0,1,1,,1,0,1,0,1,0,1,0,0,,,,,,,,,,,,,,,,,80,/f/c/fct32-600x600.jpg,,1,0
,,,,,Default Category,,,,,,,,,,,,,,,,,,,,,,,,,,,,,,,,,,,,,,,,,,,,,,,,,,,,,,,,,,,,,,,,,,,,,,,,,,,,,,,,,,,,,,,,,,,,,,,
,,,,,Default Category,,,,,,,,,,,,,,,,,,,,,,,,,,,,,,,,,,,,,,,,,,,,,,,,,,,,,,,,,,,,,,,,,,,,,,,,,,,,,,,,,,,,,,,,,,,,,,,
22,,Default,simple,,Default Category,base,,,,,,2017-07-18 11:48:50,,,,,There would not be any other way to express your feelings to someone very special in your life. Send this lovely of 15 Pink roses beautifully arranged in bouquet along with a sweet teddy bear.,,,,,0,/f/c/fct23-600x600.jpg,,Yes,,,,,,,,Use config,Use config,15 Pink Roses Bouquet With Teddy Bear,,,,Block after Info Column,,499,0,15 Pink Roses Bouquet With Teddy Bear for your loved one,/f/c/fct23-600x600.jpg,,2017-07-18 00:00:00,479,,1,0,,/f/c/fct23-600x600.jpg,,2017-07-18 09:20:05,15-pink-roses-bouquet-with-teddy-bear,15-pink-roses-bouquet-with-teddy-bear.html,4,15,12,0,1,0,0,1,1,1,0,1,1,,1,0,1,0,1,0,1,0,0,,,,,,,,,,,,,,,,,80,/f/c/fct23-600x600.jpg,,1,0
,,,,,Default Category,,,,,,,,,,,,,,,,,,,,,,,,,,,,,,,,,,,,,,,,,,,,,,,,,,,,,,,,,,,,,,,,,,,,,,,,,,,,,,,,,,,,,,,,,,,,,,,
,,,,,Default Category,,,,,,,,,,,,,,,,,,,,,,,,,,,,,,,,,,,,,,,,,,,,,,,,,,,,,,,,,,,,,,,,,,,,,,,,,,,,,,,,,,,,,,,,,,,,,,,
23,,Default,simple,,Default Category,base,,,,,,2017-07-18 11:47:21,,,,,There would not be any other way to express your feelings to someone very special in your life. Send this lovely 3 Red Roses bunch arranged  along with a 1 Pounds Chocolate Cake.,,,,,0,/c/o/combo00023.jpg,,Yes,,,,,,,,Use config,Use config,Chocolate Cake and 3 Red Roses bunch,,,,Block after Info Column,,479,0,1 Pounds Chocolate Cake and 3 Red Roses bunch,/c/o/combo00023.jpg,,2017-07-18 00:00:00,429,,1,0,,/c/o/combo00023.jpg,,2017-07-18 09:48:30,chocolate-cake-and-3-red-roses-bunch,chocolate-cake-and-3-red-roses-bunch.html,4,1,12,0,1,0,0,1,1,1,0,1,1,,1,0,1,0,1,0,1,0,0,,,,,,,,,,,,,,,,,80,/c/o/combo00023.jpg,,1,0
,,,,,Default Category,,,,,,,,,,,,,,,,,,,,,,,,,,,,,,,,,,,,,,,,,,,,,,,,,,,,,,,,,,,,,,,,,,,,,,,,,,,,,,,,,,,,,,,,,,,,,,,
,,,,,Default Category,,,,,,,,,,,,,,,,,,,,,,,,,,,,,,,,,,,,,,,,,,,,,,,,,,,,,,,,,,,,,,,,,,,,,,,,,,,,,,,,,,,,,,,,,,,,,,,
24,,Default,simple,,Default Category,base,,,,,,2017-07-18 13:22:40,,,,,There would not be any other way to express your feelings to someone very special in your life. Send this lovely of 10 red roses bunch along with a sweet teddy bear and Dairy milk chocolates.,,,,,0,/c/l/classic_combo_3443mt_bff5c690.jpg,,Yes,,,,,,,,Use config,Use config,10 Red Roses Bunch with Teddy and Chocolates,,,,Block after Info Column,,499,0,10 Red Roses Bunch with Teddy and 5 Dairy Milk Chocolates.,/c/l/classic_combo_3443mt_bff5c690.jpg,,2017-07-18 00:00:00,479,,1,0,,/c/l/classic_combo_3443mt_bff5c690.jpg,,2017-07-18 10:16:34,10-red-roses-bunch-with-teddy-and-chocolates,10-red-roses-bunch-with-teddy-and-chocolates.html,4,10,12,0,1,0,0,1,1,1,0,1,1,,1,0,1,0,1,0,1,0,0,,,,,,,,,,,,,,,,,80,/c/l/classic_combo_3443mt_bff5c690.jpg,,1,0
,,,,,Default Category,,,,,,,,,,,,,,,,,,,,,,,,,,,,,,,,,,,,,,,,,,,,,,,,,,,,,,,,,,,,,,,,,,,,,,,,,,,,,,,,,,,,,,,,,,,,,,,
,,,,,Default Category,,,,,,,,,,,,,,,,,,,,,,,,,,,,,,,,,,,,,,,,,,,,,,,,,,,,,,,,,,,,,,,,,,,,,,,,,,,,,,,,,,,,,,,,,,,,,,,
,,,,,Default Category,,,,,,,,,,,,,,,,,,,,,,,,,,,,,,,,,,,,,,,,,,,,,,,,,,,,,,,,,,,,,,,,,,,,,,,,,,,,,,,,,,,,,,,,,,,,,,,
25,,Default,simple,,Default Category,base,,,,,,2017-07-18 13:47:45,,,,,There would not be any other way to express your feelings to someone very special in your life. Send this lovely of 3 red roses bunch along with a sweet teddy bear and chocolate cake.,,,,,0,/l/o/love_you_combo_364_55e1bc96.jpg,,Yes,,,,,,,,Use config,Use config,Love You Combo!!,,,,Block after Info Column,,599,0,3 Red Roses Bunch with Teddy and 1 Pounds Chocolate Cake.,/l/o/love_you_combo_364_55e1bc96.jpg,,2017-07-18 00:00:00,579,,1,0,,/l/o/love_you_combo_364_55e1bc96.jpg,,2017-07-18 10:21:57,10-red-roses-bunch-with-teddy-and-chocolates,10-red-roses-bunch-with-teddy-and-chocolates-90.html,4,3,12,0,1,0,0,1,1,1,0,1,1,,1,0,1,0,1,0,1,0,0,,,,,,,,,,,,,,,,,80,/c/l/classic_combo_3443mt_bff5c690_1.jpg,,1,0
,,,,,Default Category,,,,,,,,,,,,,,,,,,,,,,,,,,,,,,,,,,,,,,,,,,,,,,,,,,,,,,,,,,,,,,,,,,,,,,,,,,,,,,,,,,,,,,,,,,,80,/l/o/love_you_combo_364_55e1bc96.jpg,,2,0
,,,,,Default Category,,,,,,,,,,,,,,,,,,,,,,,,,,,,,,,,,,,,,,,,,,,,,,,,,,,,,,,,,,,,,,,,,,,,,,,,,,,,,,,,,,,,,,,,,,,,,,,
,,,,,Default Category,,,,,,,,,,,,,,,,,,,,,,,,,,,,,,,,,,,,,,,,,,,,,,,,,,,,,,,,,,,,,,,,,,,,,,,,,,,,,,,,,,,,,,,,,,,,,,,
26,,Default,simple,,Default Category,base,,,,,,2017-07-18 13:08:12,,,,,There would not be any other way to express your feelings to someone very special in your life. Send this lovely Diary Milk Chocolate Bouquet to your loved one.,,,,,0,/1/0/1003_1.jpg,,Yes,,,,,,,,Use config,Use config,Diary Milk Chocolate Bouquet,,,,Block after Info Column,,449,0,20 Dairy Milk Beautiful Chocolate Bouquet..,/1/0/1003_1.jpg,,2017-07-18 00:00:00,400,,1,0,,/1/0/1003_1.jpg,,2017-07-18 11:15:13,diary-milk-chocolate-bouquet,diary-milk-chocolate-bouquet.html,4,20,11,0,1,0,0,1,1,1,0,1,1,,1,0,1,0,1,0,1,0,0,,,,,,,,,,,,,,,,,80,/1/0/1003_1.jpg,,1,0
,,,,,Default Category,,,,,,,,,,,,,,,,,,,,,,,,,,,,,,,,,,,,,,,,,,,,,,,,,,,,,,,,,,,,,,,,,,,,,,,,,,,,,,,,,,,,,,,,,,,,,,,
,,,,,Default Category,,,,,,,,,,,,,,,,,,,,,,,,,,,,,,,,,,,,,,,,,,,,,,,,,,,,,,,,,,,,,,,,,,,,,,,,,,,,,,,,,,,,,,,,,,,,,,,
,,,,,Default Category,,,,,,,,,,,,,,,,,,,,,,,,,,,,,,,,,,,,,,,,,,,,,,,,,,,,,,,,,,,,,,,,,,,,,,,,,,,,,,,,,,,,,,,,,,,,,,,
,,,,,Default Category,,,,,,,,,,,,,,,,,,,,,,,,,,,,,,,,,,,,,,,,,,,,,,,,,,,,,,,,,,,,,,,,,,,,,,,,,,,,,,,,,,,,,,,,,,,,,,,
,,,,,Default Category,,,,,,,,,,,,,,,,,,,,,,,,,,,,,,,,,,,,,,,,,,,,,,,,,,,,,,,,,,,,,,,,,,,,,,,,,,,,,,,,,,,,,,,,,,,,,,,
,,,,,Default Category,,,,,,,,,,,,,,,,,,,,,,,,,,,,,,,,,,,,,,,,,,,,,,,,,,,,,,,,,,,,,,,,,,,,,,,,,,,,,,,,,,,,,,,,,,,,,,,
,,,,,Default Category,,,,,,,,,,,,,,,,,,,,,,,,,,,,,,,,,,,,,,,,,,,,,,,,,,,,,,,,,,,,,,,,,,,,,,,,,,,,,,,,,,,,,,,,,,,,,,,
,,,,,Default Category,,,,,,,,,,,,,,,,,,,,,,,,,,,,,,,,,,,,,,,,,,,,,,,,,,,,,,,,,,,,,,,,,,,,,,,,,,,,,,,,,,,,,,,,,,,,,,,
,,,,,Default Category,,,,,,,,,,,,,,,,,,,,,,,,,,,,,,,,,,,,,,,,,,,,,,,,,,,,,,,,,,,,,,,,,,,,,,,,,,,,,,,,,,,,,,,,,,,,,,,
,,,,,Default Category,,,,,,,,,,,,,,,,,,,,,,,,,,,,,,,,,,,,,,,,,,,,,,,,,,,,,,,,,,,,,,,,,,,,,,,,,,,,,,,,,,,,,,,,,,,,,,,
,,,,,Default Category,,,,,,,,,,,,,,,,,,,,,,,,,,,,,,,,,,,,,,,,,,,,,,,,,,,,,,,,,,,,,,,,,,,,,,,,,,,,,,,,,,,,,,,,,,,,,,,
,,,,,Default Category,,,,,,,,,,,,,,,,,,,,,,,,,,,,,,,,,,,,,,,,,,,,,,,,,,,,,,,,,,,,,,,,,,,,,,,,,,,,,,,,,,,,,,,,,,,,,,,
,,,,,Default Category,,,,,,,,,,,,,,,,,,,,,,,,,,,,,,,,,,,,,,,,,,,,,,,,,,,,,,,,,,,,,,,,,,,,,,,,,,,,,,,,,,,,,,,,,,,,,,,
27,,Default,simple,,Default Category,base,,,,,,2017-07-18 14:13:33,,,,,There would not be any other way to express your feelings to someone very special in your life. Send this lovely Chocolate Bouquet to your loved one.,,,,,0,/c/h/chocolate-bar-hamper-bouquet.jpg,,Yes,,,,,,,,Use config,Use config,Chocolate Bar Bouquet for Her,,,,Block after Info Column,,499,0,20 chocolates- Beautiful Chocolate Bouquet..,/c/h/chocolate-bar-hamper-bouquet.jpg,,2017-07-18 00:00:00,449,,1,0,,/c/h/chocolate-bar-hamper-bouquet.jpg,,2017-07-18 11:14:37,diary-milk-chocolate-bouquet,diary-milk-chocolate-bouquet-133.html,4,20,12,0,1,0,0,1,1,1,0,1,1,,1,0,1,0,1,0,1,0,0,,,,,,,,,,,,,,,,,80,/1/0/1003_1_1.jpg,,1,0
,,,,,Default Category,,,,,,,,,,,,,,,,,,,,,,,,,,,,,,,,,,,,,,,,,,,,,,,,,,,,,,,,,,,,,,,,,,,,,,,,,,,,,,,,,,,,,,,,,,,80,/c/h/chocolate-bar-hamper-bouquet.jpg,,2,0
,,,,,Default Category,,,,,,,,,,,,,,,,,,,,,,,,,,,,,,,,,,,,,,,,,,,,,,,,,,,,,,,,,,,,,,,,,,,,,,,,,,,,,,,,,,,,,,,,,,,,,,,
,,,,,Default Category,,,,,,,,,,,,,,,,,,,,,,,,,,,,,,,,,,,,,,,,,,,,,,,,,,,,,,,,,,,,,,,,,,,,,,,,,,,,,,,,,,,,,,,,,,,,,,,
,,,,,Default Category,,,,,,,,,,,,,,,,,,,,,,,,,,,,,,,,,,,,,,,,,,,,,,,,,,,,,,,,,,,,,,,,,,,,,,,,,,,,,,,,,,,,,,,,,,,,,,,
,,,,,Default Category,,,,,,,,,,,,,,,,,,,,,,,,,,,,,,,,,,,,,,,,,,,,,,,,,,,,,,,,,,,,,,,,,,,,,,,,,,,,,,,,,,,,,,,,,,,,,,,
,,,,,Default Category,,,,,,,,,,,,,,,,,,,,,,,,,,,,,,,,,,,,,,,,,,,,,,,,,,,,,,,,,,,,,,,,,,,,,,,,,,,,,,,,,,,,,,,,,,,,,,,
,,,,,Default Category,,,,,,,,,,,,,,,,,,,,,,,,,,,,,,,,,,,,,,,,,,,,,,,,,,,,,,,,,,,,,,,,,,,,,,,,,,,,,,,,,,,,,,,,,,,,,,,
,,,,,Default Category,,,,,,,,,,,,,,,,,,,,,,,,,,,,,,,,,,,,,,,,,,,,,,,,,,,,,,,,,,,,,,,,,,,,,,,,,,,,,,,,,,,,,,,,,,,,,,,
,,,,,Default Category,,,,,,,,,,,,,,,,,,,,,,,,,,,,,,,,,,,,,,,,,,,,,,,,,,,,,,,,,,,,,,,,,,,,,,,,,,,,,,,,,,,,,,,,,,,,,,,
,,,,,Default Category,,,,,,,,,,,,,,,,,,,,,,,,,,,,,,,,,,,,,,,,,,,,,,,,,,,,,,,,,,,,,,,,,,,,,,,,,,,,,,,,,,,,,,,,,,,,,,,
,,,,,Default Category,,,,,,,,,,,,,,,,,,,,,,,,,,,,,,,,,,,,,,,,,,,,,,,,,,,,,,,,,,,,,,,,,,,,,,,,,,,,,,,,,,,,,,,,,,,,,,,
,,,,,Default Category,,,,,,,,,,,,,,,,,,,,,,,,,,,,,,,,,,,,,,,,,,,,,,,,,,,,,,,,,,,,,,,,,,,,,,,,,,,,,,,,,,,,,,,,,,,,,,,
,,,,,Default Category,,,,,,,,,,,,,,,,,,,,,,,,,,,,,,,,,,,,,,,,,,,,,,,,,,,,,,,,,,,,,,,,,,,,,,,,,,,,,,,,,,,,,,,,,,,,,,,
28,,Default,simple,,Default Category,base,,,,,,2017-07-18 12:54:18,,,,,Beautiful Basket Combo with chocolates teddy and flowers..,,,,,0,/c/h/chocolates-delivery-moga.jpg,,Yes,,,,,,,,Use config,Use config,Beautiful Basket Combo ,,,,Block after Info Column,,349,0,Beautiful Basket Combo,/c/h/chocolates-delivery-moga.jpg,,2017-07-18 00:00:00,299,,1,0,,/c/h/chocolates-delivery-moga.jpg,,2017-07-18 10:55:56,beautiful-basket-combo,beautiful-basket-combo.html,4,1,12,0,1,0,0,1,1,1,0,1,1,,1,0,1,0,1,0,1,0,0,,,,,,,,,,,,,,,,,80,/c/h/chocolates-delivery-moga.jpg,,1,0
,,,,,Default Category,,,,,,,,,,,,,,,,,,,,,,,,,,,,,,,,,,,,,,,,,,,,,,,,,,,,,,,,,,,,,,,,,,,,,,,,,,,,,,,,,,,,,,,,,,,,,,,
,,,,,Default Category,,,,,,,,,,,,,,,,,,,,,,,,,,,,,,,,,,,,,,,,,,,,,,,,,,,,,,,,,,,,,,,,,,,,,,,,,,,,,,,,,,,,,,,,,,,,,,,
,,,,,Default Category,,,,,,,,,,,,,,,,,,,,,,,,,,,,,,,,,,,,,,,,,,,,,,,,,,,,,,,,,,,,,,,,,,,,,,,,,,,,,,,,,,,,,,,,,,,,,,,
29,,Flower,simple,,Default Category,base,,,,,,2017-07-18 14:35:47,,,,,"Looking something more special to make your loved one’s feel more special on their special day, then gift this lovely Mix Color Roses Bouquet.",15,No,,,0,/b/u/bunch_of_20_mix_colour_roses_1.jpg,,Yes,,,,,,,,Use config,Use config,Bunch of Mix Color Roses,,,Note: “Actual product design may differ than shown in the image” ,Block after Info Column,,399,0,Beautiful Bunch of 15 Mix Color Roses,/b/u/bunch_of_20_mix_colour_roses_1.jpg,,2017-07-18 00:00:00,349,,1,0,,/b/u/bunch_of_20_mix_colour_roses_1.jpg,,2017-07-18 11:08:05,bunch-of-mix-color-roses,bunch-of-mix-color-roses.html,4,1,12,0,1,0,0,1,1,1,0,1,1,,1,0,1,0,1,0,1,0,0,,,,,,,,,,,,,,,,,80,/b/u/bunch_of_20_mix_colour_roses_1.jpg,,1,0
,,,,,Default Category,,,,,,,,,,,,,,,,,,,,,,,,,,,,,,,,,,,,,,,,,,,,,,,,,,,,,,,,,,,,,,,,,,,,,,,,,,,,,,,,,,,,,,,,,,,,,,,
,,,,,Default Category,,,,,,,,,,,,,,,,,,,,,,,,,,,,,,,,,,,,,,,,,,,,,,,,,,,,,,,,,,,,,,,,,,,,,,,,,,,,,,,,,,,,,,,,,,,,,,,
,,,,,Default Category,,,,,,,,,,,,,,,,,,,,,,,,,,,,,,,,,,,,,,,,,,,,,,,,,,,,,,,,,,,,,,,,,,,,,,,,,,,,,,,,,,,,,,,,,,,,,,,
,,,,,Default Category,,,,,,,,,,,,,,,,,,,,,,,,,,,,,,,,,,,,,,,,,,,,,,,,,,,,,,,,,,,,,,,,,,,,,,,,,,,,,,,,,,,,,,,,,,,,,,,
,,,,,Default Category,,,,,,,,,,,,,,,,,,,,,,,,,,,,,,,,,,,,,,,,,,,,,,,,,,,,,,,,,,,,,,,,,,,,,,,,,,,,,,,,,,,,,,,,,,,,,,,
,,,,,Default Category,,,,,,,,,,,,,,,,,,,,,,,,,,,,,,,,,,,,,,,,,,,,,,,,,,,,,,,,,,,,,,,,,,,,,,,,,,,,,,,,,,,,,,,,,,,,,,,
30,,Flower,simple,,Default Category,base,,,,,,2017-07-18 13:11:27,,,,,"Looking something more special to make your loved one’s feel more special on their special day, then gift this lovely Pink Roses Bouquet.",10,No,,,0,/2/0/20_pink_roses-500x500.png,,Yes,,,,,,,,Use config,Use config,Bunch of Pink Roses,,,Note: “Actual product design may differ than shown in the image” ,Block after Info Column,,299,0,Bunch of 10 Pink Roses..,/2/0/20_pink_roses-500x500.png,,2017-07-18 00:00:00,279,,1,0,,/2/0/20_pink_roses-500x500.png,,2017-07-18 11:13:19,bunch-of-pink-roses,bunch-of-pink-roses.html,4,1,12,0,1,0,0,1,1,1,0,1,1,,1,0,1,0,1,0,1,0,0,,,,,,,,,,,,,,,,,80,/2/0/20_pink_roses-500x500.png,,1,0
,,,,,Default Category,,,,,,,,,,,,,,,,,,,,,,,,,,,,,,,,,,,,,,,,,,,,,,,,,,,,,,,,,,,,,,,,,,,,,,,,,,,,,,,,,,,,,,,,,,,,,,,
,,,,,Default Category,,,,,,,,,,,,,,,,,,,,,,,,,,,,,,,,,,,,,,,,,,,,,,,,,,,,,,,,,,,,,,,,,,,,,,,,,,,,,,,,,,,,,,,,,,,,,,,
,,,,,Default Category,,,,,,,,,,,,,,,,,,,,,,,,,,,,,,,,,,,,,,,,,,,,,,,,,,,,,,,,,,,,,,,,,,,,,,,,,,,,,,,,,,,,,,,,,,,,,,,
,,,,,Default Category,,,,,,,,,,,,,,,,,,,,,,,,,,,,,,,,,,,,,,,,,,,,,,,,,,,,,,,,,,,,,,,,,,,,,,,,,,,,,,,,,,,,,,,,,,,,,,,
,,,,,Default Category,,,,,,,,,,,,,,,,,,,,,,,,,,,,,,,,,,,,,,,,,,,,,,,,,,,,,,,,,,,,,,,,,,,,,,,,,,,,,,,,,,,,,,,,,,,,,,,
,,,,,Default Category,,,,,,,,,,,,,,,,,,,,,,,,,,,,,,,,,,,,,,,,,,,,,,,,,,,,,,,,,,,,,,,,,,,,,,,,,,,,,,,,,,,,,,,,,,,,,,,
,,,,,Default Category,,,,,,,,,,,,,,,,,,,,,,,,,,,,,,,,,,,,,,,,,,,,,,,,,,,,,,,,,,,,,,,,,,,,,,,,,,,,,,,,,,,,,,,,,,,,,,,
,,,,,Default Category,,,,,,,,,,,,,,,,,,,,,,,,,,,,,,,,,,,,,,,,,,,,,,,,,,,,,,,,,,,,,,,,,,,,,,,,,,,,,,,,,,,,,,,,,,,,,,,
,,,,,Default Category,,,,,,,,,,,,,,,,,,,,,,,,,,,,,,,,,,,,,,,,,,,,,,,,,,,,,,,,,,,,,,,,,,,,,,,,,,,,,,,,,,,,,,,,,,,,,,,
,,,,,Default Category,,,,,,,,,,,,,,,,,,,,,,,,,,,,,,,,,,,,,,,,,,,,,,,,,,,,,,,,,,,,,,,,,,,,,,,,,,,,,,,,,,,,,,,,,,,,,,,
,,,,,Default Category,,,,,,,,,,,,,,,,,,,,,,,,,,,,,,,,,,,,,,,,,,,,,,,,,,,,,,,,,,,,,,,,,,,,,,,,,,,,,,,,,,,,,,,,,,,,,,,
,,,,,Default Category,,,,,,,,,,,,,,,,,,,,,,,,,,,,,,,,,,,,,,,,,,,,,,,,,,,,,,,,,,,,,,,,,,,,,,,,,,,,,,,,,,,,,,,,,,,,,,,
,,,,,Default Category,,,,,,,,,,,,,,,,,,,,,,,,,,,,,,,,,,,,,,,,,,,,,,,,,,,,,,,,,,,,,,,,,,,,,,,,,,,,,,,,,,,,,,,,,,,,,,,
31,,Flower,simple,,Default Category,base,,,,,,2017-07-18 13:25:57,,,,,"Looking something more special to make your loved one’s feel more special on their special day, then gift this lovely Bunch of Yellow Lilies.",7,No,,,0,/e/x/exdfnp545_28_dv-800x800.jpg,,Yes,,,,,,,,Use config,Use config,Bunch of Yellow Lilies,,,Note: “Actual product design may differ than shown in the image” ,Block after Info Column,,949,0,Bunch of 7 Yellow Lilies,/e/x/exdfnp545_28_dv-800x800.jpg,,2017-07-18 00:00:00,900,,1,0,,/e/x/exdfnp545_28_dv-800x800.jpg,,2017-07-18 11:27:11,bunch-of-yellow-lilies,bunch-of-yellow-lilies.html,4,1,12,0,1,0,0,1,1,1,0,1,1,,1,0,1,0,1,0,1,0,0,,,,,,,,,,,,,,,,,80,/e/x/exdfnp545_28_dv-800x800.jpg,,1,0
,,,,,Default Category,,,,,,,,,,,,,,,,,,,,,,,,,,,,,,,,,,,,,,,,,,,,,,,,,,,,,,,,,,,,,,,,,,,,,,,,,,,,,,,,,,,,,,,,,,,,,,,
,,,,,Default Category,,,,,,,,,,,,,,,,,,,,,,,,,,,,,,,,,,,,,,,,,,,,,,,,,,,,,,,,,,,,,,,,,,,,,,,,,,,,,,,,,,,,,,,,,,,,,,,
,,,,,Default Category,,,,,,,,,,,,,,,,,,,,,,,,,,,,,,,,,,,,,,,,,,,,,,,,,,,,,,,,,,,,,,,,,,,,,,,,,,,,,,,,,,,,,,,,,,,,,,,
,,,,,Default Category,,,,,,,,,,,,,,,,,,,,,,,,,,,,,,,,,,,,,,,,,,,,,,,,,,,,,,,,,,,,,,,,,,,,,,,,,,,,,,,,,,,,,,,,,,,,,,,
,,,,,Default Category,,,,,,,,,,,,,,,,,,,,,,,,,,,,,,,,,,,,,,,,,,,,,,,,,,,,,,,,,,,,,,,,,,,,,,,,,,,,,,,,,,,,,,,,,,,,,,,
,,,,,Default Category,,,,,,,,,,,,,,,,,,,,,,,,,,,,,,,,,,,,,,,,,,,,,,,,,,,,,,,,,,,,,,,,,,,,,,,,,,,,,,,,,,,,,,,,,,,,,,,
32,,Flower,simple,,Default Category,base,,,,,,2017-07-18 14:01:46,,,,,"Looking something more special to make your loved one’s feel more special on their special day, then gift this lovely Bunch of Orange Lilies.",5,No,,,0,/b/u/bunch_of_5_orange_lilies.jpg,,Yes,,,,,,,,Use config,Use config,Bunch of Orange Lilies,,,Note: “Actual product design may differ than shown in the image” ,Block after Info Column,,849,0,Bunch of 5 Orange Lilies..,/b/u/bunch_of_5_orange_lilies.jpg,,2017-07-18 00:00:00,829,,1,0,,/b/u/bunch_of_5_orange_lilies.jpg,,2017-07-18 11:32:47,bunch-of-orange-lilies,bunch-of-orange-lilies.html,4,1,12,0,1,0,0,1,1,1,0,1,1,,1,0,1,0,1,0,1,0,0,,,,,,,,,,,,,,,,,80,/b/u/bunch_of_5_orange_lilies.jpg,,1,0
,,,,,Default Category,,,,,,,,,,,,,,,,,,,,,,,,,,,,,,,,,,,,,,,,,,,,,,,,,,,,,,,,,,,,,,,,,,,,,,,,,,,,,,,,,,,,,,,,,,,,,,,
,,,,,Default Category,,,,,,,,,,,,,,,,,,,,,,,,,,,,,,,,,,,,,,,,,,,,,,,,,,,,,,,,,,,,,,,,,,,,,,,,,,,,,,,,,,,,,,,,,,,,,,,
,,,,,Default Category,,,,,,,,,,,,,,,,,,,,,,,,,,,,,,,,,,,,,,,,,,,,,,,,,,,,,,,,,,,,,,,,,,,,,,,,,,,,,,,,,,,,,,,,,,,,,,,
,,,,,Default Category,,,,,,,,,,,,,,,,,,,,,,,,,,,,,,,,,,,,,,,,,,,,,,,,,,,,,,,,,,,,,,,,,,,,,,,,,,,,,,,,,,,,,,,,,,,,,,,
,,,,,Default Category,,,,,,,,,,,,,,,,,,,,,,,,,,,,,,,,,,,,,,,,,,,,,,,,,,,,,,,,,,,,,,,,,,,,,,,,,,,,,,,,,,,,,,,,,,,,,,,
,,,,,Default Category,,,,,,,,,,,,,,,,,,,,,,,,,,,,,,,,,,,,,,,,,,,,,,,,,,,,,,,,,,,,,,,,,,,,,,,,,,,,,,,,,,,,,,,,,,,,,,,
,,,,,Default Category,,,,,,,,,,,,,,,,,,,,,,,,,,,,,,,,,,,,,,,,,,,,,,,,,,,,,,,,,,,,,,,,,,,,,,,,,,,,,,,,,,,,,,,,,,,,,,,
,,,,,Default Category,,,,,,,,,,,,,,,,,,,,,,,,,,,,,,,,,,,,,,,,,,,,,,,,,,,,,,,,,,,,,,,,,,,,,,,,,,,,,,,,,,,,,,,,,,,,,,,
,,,,,Default Category,,,,,,,,,,,,,,,,,,,,,,,,,,,,,,,,,,,,,,,,,,,,,,,,,,,,,,,,,,,,,,,,,,,,,,,,,,,,,,,,,,,,,,,,,,,,,,,
,,,,,Default Category,,,,,,,,,,,,,,,,,,,,,,,,,,,,,,,,,,,,,,,,,,,,,,,,,,,,,,,,,,,,,,,,,,,,,,,,,,,,,,,,,,,,,,,,,,,,,,,
,,,,,Default Category,,,,,,,,,,,,,,,,,,,,,,,,,,,,,,,,,,,,,,,,,,,,,,,,,,,,,,,,,,,,,,,,,,,,,,,,,,,,,,,,,,,,,,,,,,,,,,,
,,,,,Default Category,,,,,,,,,,,,,,,,,,,,,,,,,,,,,,,,,,,,,,,,,,,,,,,,,,,,,,,,,,,,,,,,,,,,,,,,,,,,,,,,,,,,,,,,,,,,,,,
,,,,,Default Category,,,,,,,,,,,,,,,,,,,,,,,,,,,,,,,,,,,,,,,,,,,,,,,,,,,,,,,,,,,,,,,,,,,,,,,,,,,,,,,,,,,,,,,,,,,,,,,
33,,Flower,simple,,Default Category,base,,,,,,2017-07-18 13:37:20,,,,,"Looking something more special to make your loved one’s feel more special on their special day, then gift this lovely Arrangement of Pink Roses in beautiful basket.",12,No,,,0,/a/r/arrangement_opf_12_pink_roses.jpg,,Yes,,,,,,,,Use config,Use config,Arrangement of Pink Roses,,,Note: “Actual product design may differ than shown in the image” ,Block after Info Column,,349,0,12 Pink roses beautiful arrangement in basket.,/a/r/arrangement_opf_12_pink_roses.jpg,,2017-07-18 00:00:00,329,,1,0,,/a/r/arrangement_opf_12_pink_roses.jpg,,2017-07-18 11:38:34,arrangement-of-pink-roses,arrangement-of-pink-roses.html,4,1,12,0,1,0,0,1,1,1,0,1,1,,1,0,1,0,1,0,1,0,0,,,,,,,,,,,,,,,,,80,/a/r/arrangement_opf_12_pink_roses.jpg,,1,0
,,,,,Default Category,,,,,,,,,,,,,,,,,,,,,,,,,,,,,,,,,,,,,,,,,,,,,,,,,,,,,,,,,,,,,,,,,,,,,,,,,,,,,,,,,,,,,,,,,,,,,,,
,,,,,Default Category,,,,,,,,,,,,,,,,,,,,,,,,,,,,,,,,,,,,,,,,,,,,,,,,,,,,,,,,,,,,,,,,,,,,,,,,,,,,,,,,,,,,,,,,,,,,,,,
,,,,,Default Category,,,,,,,,,,,,,,,,,,,,,,,,,,,,,,,,,,,,,,,,,,,,,,,,,,,,,,,,,,,,,,,,,,,,,,,,,,,,,,,,,,,,,,,,,,,,,,,
,,,,,Default Category,,,,,,,,,,,,,,,,,,,,,,,,,,,,,,,,,,,,,,,,,,,,,,,,,,,,,,,,,,,,,,,,,,,,,,,,,,,,,,,,,,,,,,,,,,,,,,,
,,,,,Default Category,,,,,,,,,,,,,,,,,,,,,,,,,,,,,,,,,,,,,,,,,,,,,,,,,,,,,,,,,,,,,,,,,,,,,,,,,,,,,,,,,,,,,,,,,,,,,,,
,,,,,Default Category,,,,,,,,,,,,,,,,,,,,,,,,,,,,,,,,,,,,,,,,,,,,,,,,,,,,,,,,,,,,,,,,,,,,,,,,,,,,,,,,,,,,,,,,,,,,,,,
,,,,,Default Category,,,,,,,,,,,,,,,,,,,,,,,,,,,,,,,,,,,,,,,,,,,,,,,,,,,,,,,,,,,,,,,,,,,,,,,,,,,,,,,,,,,,,,,,,,,,,,,
,,,,,Default Category,,,,,,,,,,,,,,,,,,,,,,,,,,,,,,,,,,,,,,,,,,,,,,,,,,,,,,,,,,,,,,,,,,,,,,,,,,,,,,,,,,,,,,,,,,,,,,,
,,,,,Default Category,,,,,,,,,,,,,,,,,,,,,,,,,,,,,,,,,,,,,,,,,,,,,,,,,,,,,,,,,,,,,,,,,,,,,,,,,,,,,,,,,,,,,,,,,,,,,,,
,,,,,Default Category,,,,,,,,,,,,,,,,,,,,,,,,,,,,,,,,,,,,,,,,,,,,,,,,,,,,,,,,,,,,,,,,,,,,,,,,,,,,,,,,,,,,,,,,,,,,,,,
,,,,,Default Category,,,,,,,,,,,,,,,,,,,,,,,,,,,,,,,,,,,,,,,,,,,,,,,,,,,,,,,,,,,,,,,,,,,,,,,,,,,,,,,,,,,,,,,,,,,,,,,
,,,,,Default Category,,,,,,,,,,,,,,,,,,,,,,,,,,,,,,,,,,,,,,,,,,,,,,,,,,,,,,,,,,,,,,,,,,,,,,,,,,,,,,,,,,,,,,,,,,,,,,,
,,,,,Default Category,,,,,,,,,,,,,,,,,,,,,,,,,,,,,,,,,,,,,,,,,,,,,,,,,,,,,,,,,,,,,,,,,,,,,,,,,,,,,,,,,,,,,,,,,,,,,,,
34,,Flower,simple,,Default Category,base,,,,,,2017-07-18 13:41:51,,,,,"Looking something more special to make your loved one’s feel more special on their special day, then gift this lovely Bunch of White LILIES.",5,No,,,0,/b/u/bunch_of_5_white_lilies.jpg,,Yes,,,,,,,,Use config,Use config,Lovely Bunch of White LILIES,,,Note: “Actual product design may differ than shown in the image” ,Block after Info Column,,949,0,Lovely Bunch of 5 White LILIES,/b/u/bunch_of_5_white_lilies.jpg,,2017-07-18 00:00:00,900,,1,0,,/b/u/bunch_of_5_white_lilies.jpg,,2017-07-18 11:42:48,lovely-bunch-of-white-lilies,lovely-bunch-of-white-lilies.html,4,1,12,0,1,0,0,1,1,1,0,1,1,,1,0,1,0,1,0,1,0,0,,,,,,,,,,,,,,,,,80,/b/u/bunch_of_5_white_lilies.jpg,,1,0
,,,,,Default Category,,,,,,,,,,,,,,,,,,,,,,,,,,,,,,,,,,,,,,,,,,,,,,,,,,,,,,,,,,,,,,,,,,,,,,,,,,,,,,,,,,,,,,,,,,,,,,,
,,,,,Default Category,,,,,,,,,,,,,,,,,,,,,,,,,,,,,,,,,,,,,,,,,,,,,,,,,,,,,,,,,,,,,,,,,,,,,,,,,,,,,,,,,,,,,,,,,,,,,,,
,,,,,Default Category,,,,,,,,,,,,,,,,,,,,,,,,,,,,,,,,,,,,,,,,,,,,,,,,,,,,,,,,,,,,,,,,,,,,,,,,,,,,,,,,,,,,,,,,,,,,,,,
,,,,,Default Category,,,,,,,,,,,,,,,,,,,,,,,,,,,,,,,,,,,,,,,,,,,,,,,,,,,,,,,,,,,,,,,,,,,,,,,,,,,,,,,,,,,,,,,,,,,,,,,
,,,,,Default Category,,,,,,,,,,,,,,,,,,,,,,,,,,,,,,,,,,,,,,,,,,,,,,,,,,,,,,,,,,,,,,,,,,,,,,,,,,,,,,,,,,,,,,,,,,,,,,,
,,,,,Default Category,,,,,,,,,,,,,,,,,,,,,,,,,,,,,,,,,,,,,,,,,,,,,,,,,,,,,,,,,,,,,,,,,,,,,,,,,,,,,,,,,,,,,,,,,,,,,,,
,,,,,Default Category,,,,,,,,,,,,,,,,,,,,,,,,,,,,,,,,,,,,,,,,,,,,,,,,,,,,,,,,,,,,,,,,,,,,,,,,,,,,,,,,,,,,,,,,,,,,,,,
,,,,,Default Category,,,,,,,,,,,,,,,,,,,,,,,,,,,,,,,,,,,,,,,,,,,,,,,,,,,,,,,,,,,,,,,,,,,,,,,,,,,,,,,,,,,,,,,,,,,,,,,
,,,,,Default Category,,,,,,,,,,,,,,,,,,,,,,,,,,,,,,,,,,,,,,,,,,,,,,,,,,,,,,,,,,,,,,,,,,,,,,,,,,,,,,,,,,,,,,,,,,,,,,,
,,,,,Default Category,,,,,,,,,,,,,,,,,,,,,,,,,,,,,,,,,,,,,,,,,,,,,,,,,,,,,,,,,,,,,,,,,,,,,,,,,,,,,,,,,,,,,,,,,,,,,,,
,,,,,Default Category,,,,,,,,,,,,,,,,,,,,,,,,,,,,,,,,,,,,,,,,,,,,,,,,,,,,,,,,,,,,,,,,,,,,,,,,,,,,,,,,,,,,,,,,,,,,,,,
,,,,,Default Category,,,,,,,,,,,,,,,,,,,,,,,,,,,,,,,,,,,,,,,,,,,,,,,,,,,,,,,,,,,,,,,,,,,,,,,,,,,,,,,,,,,,,,,,,,,,,,,
35,,Default,simple,,Default Category,base,,,,,,2017-07-18 13:54:07,,,,,"Looking something more special to make your loved one’s feel more special on their special day, then gift this lovely 10 red roses with teddy bear with 4 dairy milk",,,,,0,/1/0/10_roes_4_dairy_milk_and_teddybear.jpg,,Yes,,,,,,,,Use config,Use config,Red roses with teddy bear & dairy milk,,,,Block after Info Column,,499,0,10 Red roses with teddy bear & 4 dairy milk,/1/0/10_roes_4_dairy_milk_and_teddybear.jpg,,2017-07-18 00:00:00,449,,1,0,,/1/0/10_roes_4_dairy_milk_and_teddybear.jpg,,2017-07-18 12:01:48,red-roses-with-teddy-bear-dairy-milk,red-roses-with-teddy-bear-dairy-milk.html,4,1,12,0,1,0,0,1,1,1,0,1,1,,1,0,1,0,1,0,1,0,0,,,,,,,,,,,,,,,,,80,/1/0/10_roes_4_dairy_milk_and_teddybear.jpg,,1,0
,,,,,Default Category,,,,,,,,,,,,,,,,,,,,,,,,,,,,,,,,,,,,,,,,,,,,,,,,,,,,,,,,,,,,,,,,,,,,,,,,,,,,,,,,,,,,,,,,,,,,,,,
,,,,,Default Category,,,,,,,,,,,,,,,,,,,,,,,,,,,,,,,,,,,,,,,,,,,,,,,,,,,,,,,,,,,,,,,,,,,,,,,,,,,,,,,,,,,,,,,,,,,,,,,
,,,,,Default Category,,,,,,,,,,,,,,,,,,,,,,,,,,,,,,,,,,,,,,,,,,,,,,,,,,,,,,,,,,,,,,,,,,,,,,,,,,,,,,,,,,,,,,,,,,,,,,,
36,,Default,simple,,Default Category,base,,,,,,2017-07-18 14:07:19,,,,,"Looking something more special to make your loved one’s feel more special on their special day, then gift this lovely Black forest Cake with Balloons & Greeting Card.",,,,,0,/h/a/half_kg_black_forest_cake_with_3_balloons_with_greeting_card.jpg,,Yes,,,,,,,,Use config,Use config,Lavish choice,,,,Block after Info Column,,499,0,1 Pound Black forest Cake with 3 Balloons & Greeting Card,/h/a/half_kg_black_forest_cake_with_3_balloons_with_greeting_card.jpg,,2017-07-18 00:00:00,449,,1,0,,/h/a/half_kg_black_forest_cake_with_3_balloons_with_greeting_card.jpg,,2017-07-18 12:09:07,lavish-choice,lavish-choice.html,4,1,12,0,1,0,0,1,1,1,0,1,1,,1,0,1,0,1,0,1,0,0,,,,,,,,,,,,,,,,,80,/h/a/half_kg_black_forest_cake_with_3_balloons_with_greeting_card.jpg,,1,0
,,,,,Default Category,,,,,,,,,,,,,,,,,,,,,,,,,,,,,,,,,,,,,,,,,,,,,,,,,,,,,,,,,,,,,,,,,,,,,,,,,,,,,,,,,,,,,,,,,,,,,,,
,,,,,Default Category,,,,,,,,,,,,,,,,,,,,,,,,,,,,,,,,,,,,,,,,,,,,,,,,,,,,,,,,,,,,,,,,,,,,,,,,,,,,,,,,,,,,,,,,,,,,,,,
,,,,,Default Category,,,,,,,,,,,,,,,,,,,,,,,,,,,,,,,,,,,,,,,,,,,,,,,,,,,,,,,,,,,,,,,,,,,,,,,,,,,,,,,,,,,,,,,,,,,,,,,
,,,,,Default Category,,,,,,,,,,,,,,,,,,,,,,,,,,,,,,,,,,,,,,,,,,,,,,,,,,,,,,,,,,,,,,,,,,,,,,,,,,,,,,,,,,,,,,,,,,,,,,,
,,,,,Default Category,,,,,,,,,,,,,,,,,,,,,,,,,,,,,,,,,,,,,,,,,,,,,,,,,,,,,,,,,,,,,,,,,,,,,,,,,,,,,,,,,,,,,,,,,,,,,,,
,,,,,Default Category,,,,,,,,,,,,,,,,,,,,,,,,,,,,,,,,,,,,,,,,,,,,,,,,,,,,,,,,,,,,,,,,,,,,,,,,,,,,,,,,,,,,,,,,,,,,,,,
,,,,,Default Category,,,,,,,,,,,,,,,,,,,,,,,,,,,,,,,,,,,,,,,,,,,,,,,,,,,,,,,,,,,,,,,,,,,,,,,,,,,,,,,,,,,,,,,,,,,,,,,
,,,,,Default Category,,,,,,,,,,,,,,,,,,,,,,,,,,,,,,,,,,,,,,,,,,,,,,,,,,,,,,,,,,,,,,,,,,,,,,,,,,,,,,,,,,,,,,,,,,,,,,,
,,,,,Default Category,,,,,,,,,,,,,,,,,,,,,,,,,,,,,,,,,,,,,,,,,,,,,,,,,,,,,,,,,,,,,,,,,,,,,,,,,,,,,,,,,,,,,,,,,,,,,,,
,,,,,Default Category,,,,,,,,,,,,,,,,,,,,,,,,,,,,,,,,,,,,,,,,,,,,,,,,,,,,,,,,,,,,,,,,,,,,,,,,,,,,,,,,,,,,,,,,,,,,,,,
37,,Default,simple,,Default Category,base,,,,,,2017-07-18 14:48:35,,,,,"Looking something more special to make your loved one’s feel more special on their special day, then gift this lovely Bunch of 7 mix roses with special packing & 1 pound yummy pineapple cake.",,,,,0,/c/o/combo11.jpg,,Yes,,,,,,,,Use config,Use config,Yummy Pineapple Cake with Bunch of Roses,,,,Block after Info Column,,499,0,Bunch of 7 mix roses with special packing & 1 pound yummy pineapple cake,/c/o/combo11.jpg,,2017-07-18 00:00:00,449,,1,0,,/c/o/combo11.jpg,,2017-07-18 12:20:36,yummy-pineapple-cake-with-bunch-of-roses,yummy-pineapple-cake-with-bunch-of-roses.html,4,1,12,0,1,0,0,1,1,1,0,1,1,,1,0,1,0,1,0,1,0,0,,,,,,,,,,,,,,,,,80,/c/o/combo11.jpg,,1,0
,,,,,Default Category,,,,,,,,,,,,,,,,,,,,,,,,,,,,,,,,,,,,,,,,,,,,,,,,,,,,,,,,,,,,,,,,,,,,,,,,,,,,,,,,,,,,,,,,,,,,,,,
,,,,,Default Category,,,,,,,,,,,,,,,,,,,,,,,,,,,,,,,,,,,,,,,,,,,,,,,,,,,,,,,,,,,,,,,,,,,,,,,,,,,,,,,,,,,,,,,,,,,,,,,
,,,,,Default Category,,,,,,,,,,,,,,,,,,,,,,,,,,,,,,,,,,,,,,,,,,,,,,,,,,,,,,,,,,,,,,,,,,,,,,,,,,,,,,,,,,,,,,,,,,,,,,,
,,,,,Default Category,,,,,,,,,,,,,,,,,,,,,,,,,,,,,,,,,,,,,,,,,,,,,,,,,,,,,,,,,,,,,,,,,,,,,,,,,,,,,,,,,,,,,,,,,,,,,,,
,,,,,Default Category,,,,,,,,,,,,,,,,,,,,,,,,,,,,,,,,,,,,,,,,,,,,,,,,,,,,,,,,,,,,,,,,,,,,,,,,,,,,,,,,,,,,,,,,,,,,,,,
,,,,,Default Category,,,,,,,,,,,,,,,,,,,,,,,,,,,,,,,,,,,,,,,,,,,,,,,,,,,,,,,,,,,,,,,,,,,,,,,,,,,,,,,,,,,,,,,,,,,,,,,
,,,,,Default Category,,,,,,,,,,,,,,,,,,,,,,,,,,,,,,,,,,,,,,,,,,,,,,,,,,,,,,,,,,,,,,,,,,,,,,,,,,,,,,,,,,,,,,,,,,,,,,,
,,,,,Default Category,,,,,,,,,,,,,,,,,,,,,,,,,,,,,,,,,,,,,,,,,,,,,,,,,,,,,,,,,,,,,,,,,,,,,,,,,,,,,,,,,,,,,,,,,,,,,,,
,,,,,Default Category,,,,,,,,,,,,,,,,,,,,,,,,,,,,,,,,,,,,,,,,,,,,,,,,,,,,,,,,,,,,,,,,,,,,,,,,,,,,,,,,,,,,,,,,,,,,,,,
38,,Default,simple,,Default Category,base,,,,,,2017-07-18 15:24:52,,,,,"Looking something more special to make your loved one’s feel more special on their special day, then gift this Beautiful hand bouquet of 6 red roses with 4 pcs of temptations.",,,,,0,/b/e/beautiful_hand_bouquet_of_6_red_roses_with_4_pcs_of_temptations.jpg,,Yes,,,,,,,,Use config,Use config,Glamorous Love,,,,Block after Info Column,,599,0,Beautiful hand bouquet of 6 red roses with 4 pcs of temptations.,/b/e/beautiful_hand_bouquet_of_6_red_roses_with_4_pcs_of_temptations.jpg,,2017-07-18 00:00:00,549,,1,0,,/b/e/beautiful_hand_bouquet_of_6_red_roses_with_4_pcs_of_temptations.jpg,,2017-07-18 12:27:10,glamorous-love,glamorous-love.html,4,1,12,0,1,0,0,1,1,1,0,1,1,,1,0,1,0,1,0,1,0,0,,,,,,,,,,,,,,,,,80,/b/e/beautiful_hand_bouquet_of_6_red_roses_with_4_pcs_of_temptations.jpg,,1,0
,,,,,Default Category,,,,,,,,,,,,,,,,,,,,,,,,,,,,,,,,,,,,,,,,,,,,,,,,,,,,,,,,,,,,,,,,,,,,,,,,,,,,,,,,,,,,,,,,,,,,,,,
,,,,,Default Category,,,,,,,,,,,,,,,,,,,,,,,,,,,,,,,,,,,,,,,,,,,,,,,,,,,,,,,,,,,,,,,,,,,,,,,,,,,,,,,,,,,,,,,,,,,,,,,
,,,,,Default Category,,,,,,,,,,,,,,,,,,,,,,,,,,,,,,,,,,,,,,,,,,,,,,,,,,,,,,,,,,,,,,,,,,,,,,,,,,,,,,,,,,,,,,,,,,,,,,,
,,,,,Default Category,,,,,,,,,,,,,,,,,,,,,,,,,,,,,,,,,,,,,,,,,,,,,,,,,,,,,,,,,,,,,,,,,,,,,,,,,,,,,,,,,,,,,,,,,,,,,,,
,,,,,Default Category,,,,,,,,,,,,,,,,,,,,,,,,,,,,,,,,,,,,,,,,,,,,,,,,,,,,,,,,,,,,,,,,,,,,,,,,,,,,,,,,,,,,,,,,,,,,,,,
,,,,,Default Category,,,,,,,,,,,,,,,,,,,,,,,,,,,,,,,,,,,,,,,,,,,,,,,,,,,,,,,,,,,,,,,,,,,,,,,,,,,,,,,,,,,,,,,,,,,,,,,
,,,,,Default Category,,,,,,,,,,,,,,,,,,,,,,,,,,,,,,,,,,,,,,,,,,,,,,,,,,,,,,,,,,,,,,,,,,,,,,,,,,,,,,,,,,,,,,,,,,,,,,,
,,,,,Default Category,,,,,,,,,,,,,,,,,,,,,,,,,,,,,,,,,,,,,,,,,,,,,,,,,,,,,,,,,,,,,,,,,,,,,,,,,,,,,,,,,,,,,,,,,,,,,,,
,,,,,Default Category,,,,,,,,,,,,,,,,,,,,,,,,,,,,,,,,,,,,,,,,,,,,,,,,,,,,,,,,,,,,,,,,,,,,,,,,,,,,,,,,,,,,,,,,,,,,,,,
39,,Cake,simple,,Default Category,base,,Eggless,,,,2017-07-18 17:03:47,,,,,"Looking something more special to make your loved one’s feel more special on their special day, then gift this lovely Heart Shape Vanilla Premium Quality Cake.",,No,,,0,/v/a/vanilla_heart_shape_cake_1.jpg,,Yes,,,,"the mid night gifts, cake delivery online, online cake delivery, jaipur, cakes, eggless cakes, designer cakes, online gifts, buy gifts online",,,,Use config,Use config,Heart Shape Vanilla Premium Quality Cake,,,Note: “Actual product design may differ than shown in the image” ,Block after Info Column,,399,0,Heart Shape Vanilla 1 Pound Premium Quality Cake.,/v/a/vanilla_heart_shape_cake_1.jpg,,2017-07-18 00:00:00,349,,1,0,,/v/a/vanilla_heart_shape_cake_1.jpg,,2017-07-19 07:08:40,heart-shape-vanilla-premium-quality-cake,heart-shape-vanilla-premium-quality-cake.html,4,1,12,0,1,0,0,1,1,1,0,1,1,,1,0,1,0,1,0,1,0,0,,,,,,,,,,,,,,,,,80,/v/a/vanilla_heart_shape_cake_1.jpg,,2,0
,,,,,Default Category,,,,,,,,,,,,,,,,,,,,,,,,,,,,,,,,,,,,,,,,,,,,,,,,,,,,,,,,,,,,,,,,,,,,,,,,,,,,,,,,,,,,,,,,,,,,,,,
,,,,,Default Category,,,,,,,,,,,,,,,,,,,,,,,,,,,,,,,,,,,,,,,,,,,,,,,,,,,,,,,,,,,,,,,,,,,,,,,,,,,,,,,,,,,,,,,,,,,,,,,
,,,,,Default Category,,,,,,,,,,,,,,,,,,,,,,,,,,,,,,,,,,,,,,,,,,,,,,,,,,,,,,,,,,,,,,,,,,,,,,,,,,,,,,,,,,,,,,,,,,,,,,,
,,,,,Default Category,,,,,,,,,,,,,,,,,,,,,,,,,,,,,,,,,,,,,,,,,,,,,,,,,,,,,,,,,,,,,,,,,,,,,,,,,,,,,,,,,,,,,,,,,,,,,,,
,,,,,Default Category,,,,,,,,,,,,,,,,,,,,,,,,,,,,,,,,,,,,,,,,,,,,,,,,,,,,,,,,,,,,,,,,,,,,,,,,,,,,,,,,,,,,,,,,,,,,,,,
,,,,,Default Category,,,,,,,,,,,,,,,,,,,,,,,,,,,,,,,,,,,,,,,,,,,,,,,,,,,,,,,,,,,,,,,,,,,,,,,,,,,,,,,,,,,,,,,,,,,,,,,
,,,,,Default Category,,,,,,,,,,,,,,,,,,,,,,,,,,,,,,,,,,,,,,,,,,,,,,,,,,,,,,,,,,,,,,,,,,,,,,,,,,,,,,,,,,,,,,,,,,,,,,,
,,,,,Default Category,,,,,,,,,,,,,,,,,,,,,,,,,,,,,,,,,,,,,,,,,,,,,,,,,,,,,,,,,,,,,,,,,,,,,,,,,,,,,,,,,,,,,,,,,,,,,,,
,,,,,Default Category,,,,,,,,,,,,,,,,,,,,,,,,,,,,,,,,,,,,,,,,,,,,,,,,,,,,,,,,,,,,,,,,,,,,,,,,,,,,,,,,,,,,,,,,,,,,,,,
,,,,,Default Category,,,,,,,,,,,,,,,,,,,,,,,,,,,,,,,,,,,,,,,,,,,,,,,,,,,,,,,,,,,,,,,,,,,,,,,,,,,,,,,,,,,,,,,,,,,,,,,
,,,,,Default Category,,,,,,,,,,,,,,,,,,,,,,,,,,,,,,,,,,,,,,,,,,,,,,,,,,,,,,,,,,,,,,,,,,,,,,,,,,,,,,,,,,,,,,,,,,,,,,,
,,,,,Default Category,,,,,,,,,,,,,,,,,,,,,,,,,,,,,,,,,,,,,,,,,,,,,,,,,,,,,,,,,,,,,,,,,,,,,,,,,,,,,,,,,,,,,,,,,,,,,,,
